,maths,science,total,percentage,result
0,60,50,110,55.00000000000001,Passed
1,70,75,145,72.5,Passed
2,80,81,161,80.5,Passed
3,50,54,104,52.0,Passed
5,60,50,110,55.00000000000001,Passed
