,maths,science,total,percentage,status
0,50.0,40,90.0,45.0,Failed
1,60.0,20,80.0,40.0,Failed
2,70.0,50,120.0,60.0,Passed
3,50.0,60,110.0,55.00000000000001,Passed
4,40.0,70,110.0,55.00000000000001,Passed
0,50.0,60,110.0,55.00000000000001,Passed
1,20.0,20,40.0,20.0,Failed
2,0.0,60,60.0,30.0,Failed
